[
    {
        "parent_id": "99febb18-8a4c-40b6-942f-df3c60d522dd",
        "child_id": "eb711323-52d6-40a8-b335-8b3e587ed009"
    },
    {
        "parent_id": "ddb5502d-9c7c-46ed-9a5d-a27a32d29fa3",
        "child_id": "eb711323-52d6-40a8-b335-8b3e587ed009"
    },
    {
        "parent_id": "99febb18-8a4c-40b6-942f-df3c60d522dd",
        "child_id": "8c81302b-bb91-4c7e-a17c-ac52c2b53f98"
    },
    {
        "parent_id": "ddb5502d-9c7c-46ed-9a5d-a27a32d29fa3",
        "child_id": "8c81302b-bb91-4c7e-a17c-ac52c2b53f98"
    }
]
