[
    {
        "user_id": "99febb18-8a4c-40b6-942f-df3c60d522dd",
        "login": "patient1",
        "password": "password1",
        "user_type": "PATIENT",
        "first_name": "John",
        "last_name": "Doe",
        "phone_number": "123-456-7890",
        "email": "john.doe@example.com",
        "medical_insurance_id": "INS123456",
        "gender": "Male",
        "city_of_birth": "Anytown",
        "date_of_birth": "1995-07-15"
    },
    {
        "user_id": "ddb5502d-9c7c-46ed-9a5d-a27a32d29fa3",
        "login": "patient2",
        "password": "password2",
        "user_type": "PATIENT",
        "first_name": "Jane",
        "last_name": "Smith",
        "phone_number": "987-654-3210",
        "email": "jane.smith@example.com",
        "medical_insurance_id": "INS654321",
        "gender": "Female",
        "city_of_birth": "Othertown",
        "date_of_birth": "1998-09-11"
    },
    {
        "user_id": "2d3cfc26-4958-4723-acf8-9799502c4d7d",
        "login": "doctor1",
        "password": "password3",
        "user_type": "DOCTOR",
        "first_name": "Alice",
        "last_name": "Brown",
        "phone_number": "555-555-5555",
        "email": "alice.brown@example.com"
    },
    {
        "user_id": "aa57295e-fa4f-4821-b04c-711ea0be487a",
        "login": "doctor2",
        "password": "password4",
        "user_type": "DOCTOR",
        "first_name": "Bob",
        "last_name": "Johnson",
        "phone_number": "444-444-4444",
        "email": "bob.johnson@example.com"
    },
    {
        "user_id": "4f901d7d-822b-4676-ad62-56799770b4a3",
        "login": "admin1",
        "password": "password5",
        "user_type": "ADMIN",
        "first_name": "Carol",
        "last_name": "Williams",
        "phone_number": "333-333-3333",
        "email": "carol.williams@example.com"
    },
    {
        "user_id": "644b635b-7a81-45e9-8079-2f820da154d6",
        "login": "healthcare1",
        "password": "password6",
        "user_type": "HEALTHCARE PROFESSIONAL",
        "first_name": "David",
        "last_name": "Miller",
        "phone_number": "222-222-2222",
        "email": "david.miller@example.com"
    },
    {
        "user_id": "31870799-6214-4639-a6a8-412f8e3bb232",
        "login": "doctor3",
        "password": "password7",
        "user_type": "DOCTOR",
        "first_name": "Eve",
        "last_name": "Davis",
        "phone_number": "666-666-6666",
        "email": "eve.davis@example.com"
    },
    {
        "user_id": "eb711323-52d6-40a8-b335-8b3e587ed009",
        "login": "patient3",
        "password": "password8",
        "user_type": "PATIENT",
        "first_name": "Frank",
        "last_name": "Garcia",
        "phone_number": "777-777-7777",
        "email": "frank.garcia@example.com",
        "medical_insurance_id": "INS789012",
        "gender": "Male",
        "city_of_birth": "Newcity",
        "date_of_birth": "1985-01-22"
    },
    {
        "user_id": "4730136a-8c45-4968-ae61-25efa7601262",
        "login": "doctor4",
        "password": "password9",
        "user_type": "DOCTOR",
        "first_name": "Grace",
        "last_name": "Martinez",
        "phone_number": "888-888-8888",
        "email": "grace.martinez@example.com"
    },
    {
        "user_id": "8c81302b-bb91-4c7e-a17c-ac52c2b53f98",
        "login": "patient4",
        "password": "password10",
        "user_type": "PATIENT",
        "first_name": "Hank",
        "last_name": "Rodriguez",
        "phone_number": "999-999-9999",
        "email": "hank.rodriguez@example.com",
        "medical_insurance_id": "INS345678",
        "gender": "Male",
        "city_of_birth": "Oldtown",
        "date_of_birth": "1974-08-29"
    },
    {
        "user_id": "adbb8d39-0420-437e-8afa-63086fc54141",
        "login": "patient5",
        "password": "password11",
        "user_type": "PATIENT",
        "first_name": "Alfred",
        "last_name": "Smith",
        "phone_number": "999-999-9999",
        "email": "alfred.smith@example.com",
        "medical_insurance_id": "INS111222",
        "gender": "Male",
        "city_of_birth": "Sometown",
        "date_of_birth": "1980-05-20"
    },
    {
        "user_id": "d10a3ded-3457-413e-8a5e-54f416667a11",
        "login": "patient6",
        "password": "password12",
        "user_type": "PATIENT",
        "first_name": "Hugh",
        "last_name": "Mongus",
        "phone_number": "999-999-9999",
        "email": "hugh.mongus@example.com",
        "medical_insurance_id": "INS222333",
        "gender": "Male",
        "city_of_birth": "Sametown",
        "date_of_birth": "1986-02-14"
    }
]
